{"cameraMode":{"drawMode":0,"name":"Shaded","section":"Shading Mode"},"sceneLighting":true,"audioPlay":false,"sceneViewState":{"m_AlwaysRefresh":false,"showFog":true,"showSkybox":false,"showFlares":true,"showImageEffects":true,"showParticleSystems":true,"showVisualEffectGraphs":true,"m_FxEnabled":true},"in2DMode":false,"pivot":{"x":416.0428466796875,"y":149.4805908203125,"z":14.2113037109375},"rotation":{"x":0.011998739093542099,"y":0.011999084614217282,"z":-0.00014380218635778874,"w":0.9998586773872376},"size":513.28662109375,"orthographic":false}